{"options":{"check_for_updates":true,"comment":null,"compat_foreach":false,"compat_metadata":false,"compat_powerful_this":null,"compat_wrappedjsobject":false,"compatopts_for_requires":true,"noframes":null,"override":{"merge_connects":true,"merge_excludes":true,"merge_includes":true,"merge_matches":true,"orig_connects":[],"orig_excludes":[],"orig_includes":[],"orig_matches":["https://*blog.csdn.net/*","https://*.blog.csdn.net/*","https://*csdnnews.blog.csdn.net/*","https://www.csdn.net/*"],"orig_noframes":null,"orig_run_at":"document-start","use_blockers":[],"use_connects":[],"use_excludes":[],"use_includes":[],"use_matches":[]},"run_at":null,"sandbox":null,"tab_types":null,"unwrap":null},"settings":{"enabled":true,"position":6},"meta":{"name":"CSDN Blog 极致简化","uuid":"0eceb360-b05c-4585-90d0-9b8c53ec4ad8","modified":1675352941913,"file_url":"https://greasyfork.org/scripts/412200-csdn-blog-%E6%9E%81%E8%87%B4%E7%AE%80%E5%8C%96/code/CSDN%20Blog%20%E6%9E%81%E8%87%B4%E7%AE%80%E5%8C%96.user.js"}}