{"ts":1673529260323,"data":{"Config":"s{\"cache\":true,\"autoexpand\":false,\"lang\":{\"daily\":\"日常安装\",\"close\":\"不再显示\",\"search\":\"搜索\",\"searcher\":\"标题|描述|作者...\",\"install\":\"安装\",\"issue\":\"新问题\",\"version\":\"版本\",\"updated\":\"最后更新\",\"legacy\":\"遗产\",\"total\":\"总安装量\",\"rating\":\"评级\",\"good\":\"好的\",\"ok\":\"好的\",\"bad\":\"不好\",\"created\":\"创建\",\"redirect\":\"大人的Greasyfork\",\"filter\":\"过滤掉其他语言\",\"dtime\":\"显示超时\",\"save\":\"拯救\"},\"filterlang\":false,\"sleazyredirct\":false,\"time\":10000,\"blacklist\":[{\"enabled\":true,\"regex\":true,\"flags\":\"\",\"name\":\"Blacklist 1\",\"url\":\"(gov|cart|checkout|login|join|signin|signup|sign-up|password|reset|password_reset)\"},{\"enabled\":true,\"regex\":true,\"flags\":\"\",\"name\":\"Blacklist 2\",\"url\":\"(pay|bank|money|localhost|authorize|checkout|bill|wallet|router)\"},{\"enabled\":true,\"regex\":false,\"flags\":\"\",\"name\":\"Blacklist 3\",\"url\":\"https://home.bluesnap.com\"},{\"enabled\":true,\"regex\":false,\"flags\":\"\",\"name\":\"Blacklist 4\",\"url\":[\"zalo.me\",\"skrill.com\"]}],\"engines\":[{\"enabled\":true,\"name\":\"greasyfork\",\"url\":\"https://greasyfork.org\"},{\"enabled\":true,\"name\":\"sleazyfork\",\"url\":\"https://sleazyfork.org\"},{\"enabled\":false,\"name\":\"openuserjs\",\"url\":\"https://openuserjs.org/?q=\"},{\"enabled\":false,\"name\":\"github\",\"url\":\"https://github.com/search?l=JavaScript&o=desc&q=\\\"==UserScript==\\\"+\"},{\"enabled\":false,\"name\":\"gist\",\"url\":\"https://gist.github.com/search?l=JavaScript&o=desc&q=\\\"==UserScript==\\\"+\"}],\"sleazyredirect\":true}"}}