{"options":{"check_for_updates":true,"comment":null,"compat_foreach":false,"compat_metadata":false,"compat_powerful_this":null,"compat_wrappedjsobject":false,"compatopts_for_requires":true,"noframes":null,"override":{"merge_connects":true,"merge_excludes":true,"merge_includes":true,"merge_matches":true,"orig_connects":["greasyfork.org","sleazyfork.org","github.com","openuserjs.org"],"orig_excludes":[],"orig_includes":[],"orig_matches":["https://*/*"],"orig_noframes":true,"orig_run_at":"document-start","use_blockers":[],"use_connects":[],"use_excludes":[],"use_includes":[],"use_matches":[]},"run_at":null,"sandbox":null,"tab_types":null,"unwrap":null},"settings":{"enabled":true,"position":4},"meta":{"name":"Magic Userscript+ : Show Site All UserJS","uuid":"e4d92eb8-30a9-476c-8af7-67b07c6b31f1","modified":1679632845188,"file_url":"https://greasyfork.org/scripts/421603-magic-userscript-show-site-all-userjs/code/Magic%20Userscript+%20:%20Show%20Site%20All%20UserJS.user.js"}}