{"options":{"check_for_updates":true,"comment":null,"compat_foreach":false,"compat_metadata":false,"compat_powerful_this":null,"compat_wrappedjsobject":false,"compatopts_for_requires":true,"noframes":null,"override":{"merge_connects":true,"merge_excludes":true,"merge_includes":true,"merge_matches":true,"orig_connects":[],"orig_excludes":["*://www.youtube.com/embed/*"],"orig_includes":[],"orig_matches":["*://www.youtube.com/*"],"orig_noframes":null,"orig_run_at":"document-start","use_blockers":[],"use_connects":[],"use_excludes":[],"use_includes":[],"use_matches":[]},"run_at":null,"sandbox":null,"tab_types":null,"unwrap":null},"settings":{"enabled":true,"position":9},"meta":{"name":"YouTube评论翻译按钮","uuid":"4d7e5dba-5f33-40c0-9645-e47b616027b1","modified":1677614154645,"file_url":"https://greasyfork.org/scripts/456108-youtube%E8%AF%84%E8%AE%BA%E7%BF%BB%E8%AF%91%E6%8C%89%E9%92%AE/code/YouTube%E8%AF%84%E8%AE%BA%E7%BF%BB%E8%AF%91%E6%8C%89%E9%92%AE.user.js"}}