{"options":{"check_for_updates":true,"comment":null,"compat_foreach":false,"compat_metadata":false,"compat_powerful_this":null,"compat_wrappedjsobject":false,"compatopts_for_requires":true,"noframes":null,"override":{"merge_connects":true,"merge_excludes":true,"merge_includes":true,"merge_matches":true,"orig_connects":[],"orig_excludes":[],"orig_includes":[],"orig_matches":["https://www.bilibili.com/video/*","https://www.bilibili.com/bangumi/*","https://vip.parwix.com:4433/*","https://z1.m1907.cn/*","https://api.yueliangjx.com/*","https://showxi.xyz/*","https://okjx.cc/*","https://www.cuan.la/*","https://www.mtosz.com/*"],"orig_noframes":null,"orig_run_at":"document-idle","use_blockers":[],"use_connects":[],"use_excludes":[],"use_includes":[],"use_matches":[]},"run_at":null,"sandbox":null,"tab_types":null,"unwrap":null},"settings":{"enabled":true,"position":3},"meta":{"name":"哔哩哔哩bilibili辅助脚本解析大会员","uuid":"8efad464-3377-4fa6-b872-30eaa4db7310","modified":1673526548919,"file_url":"https://greasyfork.org/scripts/428342-%E5%93%94%E5%93%A9%E5%93%94%E5%93%A9bilibili%E8%BE%85%E5%8A%A9%E8%84%9A%E6%9C%AC%E8%A7%A3%E6%9E%90%E5%A4%A7%E4%BC%9A%E5%91%98/code/%E5%93%94%E5%93%A9%E5%93%94%E5%93%A9bilibili%E8%BE%85%E5%8A%A9%E8%84%9A%E6%9C%AC%E8%A7%A3%E6%9E%90%E5%A4%A7%E4%BC%9A%E5%91%98.user.js"}}